product_id,product_weight_g,product_category_name_english,volume
5d7c23067ed3fc8c6e699b9373d5890b,250.0,fashion_bags_accessories,640.0
5e21d5cab5d33e770d8150a4ee6117db,200.0,watches_gifts,352.0
7e6c4a0bf900e259f50ba63331fd2785,250.0,watches_gifts,352.0
02475368dfb38934fe55f574024fe1d7,250.0,watches_gifts,352.0
526f833e1eb0a32ad9351145a761b9ab,250.0,watches_gifts,352.0
57f2bc497c1a3ebe41ba7a06d78ed159,250.0,watches_gifts,640.0
bf06a69bb27c58156391de458700f3e7,300.0,watches_gifts,352.0
5403528d987ad26e8d7cb25940411987,250.0,watches_gifts,352.0
e70f7c188cd2c0f01a1f6b35411cc481,250.0,watches_gifts,352.0
aa8d88eb4b9cb38894e33fa624c4287f,250.0,watches_gifts,352.0
2136c70bbe723d338fab53da3c03e6dc,200.0,watches_gifts,352.0
6c321ed0f47858a8650f4104771224b5,300.0,watches_gifts,640.0
a92930c327948861c015c919a0bcb4a8,250.0,watches_gifts,640.0
8bd822c04ee6a8292a7b0debc3dbd74a,200.0,construction_tools_safety,352.0
186fe07c8b8005ec6a498587ffbc1352,200.0,watches_gifts,352.0
31b8c37adb9572ed34757d9368d987ac,250.0,watches_gifts,640.0
77fa3381855b6763c52ca3b72824f508,250.0,fashion_bags_accessories,640.0
44d097d59e8430f88a67517cd0c4f865,350.0,fashion_bags_accessories,640.0
4e064cdbe4079c84a33181a96cf5609b,200.0,watches_gifts,352.0
87cb507e0daa37bbf34956fd59eba832,250.0,watches_gifts,352.0
555cdc8ae3abc9870afa02367539b799,250.0,watches_gifts,352.0
d8f254be723da6488610b42935533b05,300.0,watches_gifts,640.0
423b46d7ff817b1cd19ab195c7b76546,200.0,watches_gifts,640.0
16bf176650a888512655cc94f61860e3,200.0,watches_gifts,352.0
374fb6698c278b6af1c7b7c8fb95585e,350.0,watches_gifts,352.0
198ec19b3806cc2ad217e159e4e09d58,200.0,watches_gifts,640.0
4b6b3a7072d549354c3743dedbf4170a,350.0,watches_gifts,640.0
b6b76b074ed0d77d0f3443b12d8adb5e,300.0,watches_gifts,640.0
7f064525eaaa1ce9d22c085f7ff5413a,250.0,watches_gifts,640.0
d017a2151d543a9885604dc62a3d9dcc,250.0,fashion_bags_accessories,352.0
b01d34f6d2545269d348181768eca049,150.0,watches_gifts,352.0
e4e5cbc0077aa2c7aacbe435166df909,250.0,fashion_bags_accessories,352.0
38b5079a807bb9f22ddfa46f929accee,200.0,perfumery,352.0
27672da99215b426dc0ced05731bccc6,200.0,fashion_bags_accessories,352.0
c3ba4e8d3cb30049213b682e751e9d00,350.0,watches_gifts,640.0
2d27434c710806b971a721da337a112a,200.0,watches_gifts,640.0
86c43103446290e7efacad3701cd654d,250.0,watches_gifts,640.0
8a5835aeef83efa6aa947f84f92deb0e,250.0,watches_gifts,352.0
3eebb0207da828bf5376257ceca70959,250.0,watches_gifts,352.0
eca26be90d3b3454dd69a13a05bdb46e,200.0,fashion_bags_accessories,352.0
723f62c36c298037716bf60c0ad0df3a,250.0,watches_gifts,352.0
31d6f0a621ee145ae8c70304cf564483,200.0,watches_gifts,352.0
d2d39433df84064b1556612cc52cefca,250.0,watches_gifts,640.0
d103baa8d35783ff2772704ed17ddd45,250.0,fashion_bags_accessories,640.0
96ff741d2c7879406ec3054d6b2a11c8,200.0,watches_gifts,352.0
7703b8cb5b77fbb36518ea91e2ca734f,250.0,watches_gifts,352.0
d3257d83b50d04301c9d969a0e2ec4ee,250.0,watches_gifts,352.0
9c7ce59c96e74dfdfc51f13a4a6c3869,250.0,watches_gifts,640.0
3096d513ef378c2f6b32b7f4f42a471a,400.0,watches_gifts,352.0
5215505db2113a032810c3644c346a38,250.0,watches_gifts,640.0
5c692818d313aa12864b48ac0c2472c2,200.0,watches_gifts,352.0
2f70195374f6c3d3c6542edf5bd17c8c,250.0,watches_gifts,352.0
2e6f3959fac9a271f1d1610c30d4b95c,200.0,watches_gifts,352.0
380b4664ba5bb18cc9db78ee6bac3558,250.0,watches_gifts,352.0
9686ff1a707a2d304c547f82535c5ee5,200.0,watches_gifts,352.0
15fdd6032f35d4add5066fb90be28630,950.0,watches_gifts,640.0
6c55ba2343f9df32c7f88a468352ff22,250.0,watches_gifts,640.0
d79c712e7afe8f0fd59b749ee1e4fc97,250.0,watches_gifts,352.0
a367f823feb49954fedb4f4a43ad9db2,300.0,watches_gifts,640.0
936a034fe3b07b7ae7c87fc8ceb0749d,450.0,watches_gifts,640.0
1c4de4dd53a801716c8a3a2cf51f35fa,300.0,watches_gifts,352.0
c708ba7c6269161f89ce0683cdd7c432,300.0,watches_gifts,640.0
060f0122cdc8f25db4a0d7359fdae7b0,250.0,watches_gifts,352.0
39b86f4e3aedf22731990099a660a6f5,200.0,fashion_bags_accessories,640.0
dc52f0f5d3ec37a93eaf956cde4e5d2c,400.0,watches_gifts,640.0
c756c946d61f5ffc068418badfb6302c,250.0,watches_gifts,352.0
1600dcf1cea8c0c83702e07b577ab231,250.0,watches_gifts,640.0
a7f2b139c27a47d32a6ab4529c65c134,200.0,watches_gifts,352.0
3de4498dcdded5abe7349bd43c401c1f,300.0,watches_gifts,352.0
0dce093fc7ec4dec214256df878e3c08,200.0,watches_gifts,1056.0
0bdd9a52d192d64770e33ae559512478,250.0,watches_gifts,640.0
126abb319a746b23254ef06ddf10181d,450.0,watches_gifts,352.0
40c7fdb4c192c7df52431d1b079f9026,150.0,watches_gifts,640.0
17ad136b7421ea8690fded631b651158,250.0,watches_gifts,640.0
4a0938478787f49dc07af734b86be96c,250.0,watches_gifts,352.0
907539b8216ca1250e5e974b4047699d,500.0,watches_gifts,352.0
7e48d9554094858ee2269c4ef809f50e,200.0,watches_gifts,352.0
8afd2ec5bf821e4d1a061e7ca31cac24,300.0,watches_gifts,352.0
6fd82d8f842424334fedf31190e54d24,250.0,watches_gifts,640.0
a84d0660dbffebf352aefbf1a6b18d00,250.0,watches_gifts,640.0
0f370babdc8148e1dd9d4bfc3235982a,200.0,watches_gifts,352.0
e2bb00220a167d9e60b6776ac33717bc,300.0,watches_gifts,640.0
6800d91175b6abde04b1d70ff2474746,225.0,perfumery,4536.0
b1f47dd699f91241d4e89d27b212a4d8,250.0,sports_leisure,352.0
d249623077b8906276b8d77ced95f8c4,150.0,fashion_bags_accessories,352.0
ba17dd83b93da33a4483ba301644f40a,250.0,watches_gifts,352.0
1fa0faff5eafb13003f9559ebe6becb3,200.0,watches_gifts,640.0
b3bce4552b02817249347cc257c9e61a,200.0,watches_gifts,352.0
d2c7a1e57b8f3e74095798f867334b36,300.0,watches_gifts,352.0
69523f67543ff9ea6b1a15858fb59b3b,200.0,watches_gifts,352.0
e06f99e79036d681effa3de75989bf22,200.0,watches_gifts,640.0
a1250bbcaa645885c9165eab1573b5c6,200.0,fashion_bags_accessories,640.0
6c4d1dce076249f2314ac8f3fc3cc7d1,350.0,sports_leisure,640.0
65b96f012e6206481aeb67d31dd9b146,250.0,watches_gifts,352.0
0b2c18d8e73e17348a011241525cb089,400.0,watches_gifts,640.0
3264eb8097906cea4af2f4a56e2447ed,200.0,watches_gifts,352.0
d47591e510ca45b6546c65973f772643,200.0,watches_gifts,352.0
b84520a57891e7a8ae2c68741dcc7146,250.0,watches_gifts,640.0
a09fb9f597a4b8a13ab0c72d70c77081,250.0,watches_gifts,352.0
97170c28efde1b426f1c52348fe1c086,200.0,watches_gifts,640.0
202bd859659a841de892b00c341300ff,200.0,watches_gifts,352.0
dca8cbb1c9d8a2db0fbc0c36b8d1a7bc,200.0,audio,352.0
54716da70a63aba6d2edb21f14d75e31,250.0,watches_gifts,352.0
cae7248e9bdfda82584faea19dbf793f,300.0,watches_gifts,352.0
dd1247b741df1771259ee7beb0e4b8fc,200.0,watches_gifts,352.0
e8ac63e69971f9cf0bd7a7f78b8841ab,450.0,watches_gifts,352.0
2cbc1ae9dc8c4d81b096db0ee01ae0e6,200.0,watches_gifts,352.0
924b2122bcd5d6eb53d37a167d3b1d47,250.0,watches_gifts,352.0
ff55834c0b3272853dfe62340f2bb91b,250.0,watches_gifts,352.0
5115d8cd6438c0c4d8abdf38d5d41ebd,350.0,fashion_bags_accessories,640.0
aa0816cf69c9faa95e573541be5c0c32,300.0,fashion_bags_accessories,352.0
ef79ec374ba852bbced7662285946619,350.0,watches_gifts,640.0
7c0ff36de8af6f43eabd036729ff64a1,100.0,watches_gifts,640.0
0900e9b18da6627157a7e47a8ac8fc08,200.0,watches_gifts,640.0
bd588795ddfe953f64d59d514ba0527a,250.0,sports_leisure,352.0
060e9bdedfae37724dbce0b3270d76ae,200.0,watches_gifts,352.0
4601231c3480315049971ea0a61d3839,150.0,fashion_bags_accessories,352.0
ed836edc15625c202f6ba85dbbe95c3a,200.0,watches_gifts,352.0
9e1a035b7f489ddeb062d776a37e470f,200.0,watches_gifts,352.0
1afdb4e17af189582b06591ae8a031a4,250.0,fashion_bags_accessories,640.0
83aa48c17491b729e02a906644a54fe2,200.0,watches_gifts,352.0
7dac8901a50cf3317d5372cbd3186ecd,300.0,watches_gifts,352.0
14a0471af2a7bc596532fc8a6f29b1f8,250.0,watches_gifts,352.0
61f1894bca50fa7898bae067ef40bfb7,200.0,watches_gifts,352.0
cce55549bb816a12eba7ddfd637a961d,300.0,watches_gifts,352.0
671e7e145b2a32685e1429498fe906bb,200.0,watches_gifts,352.0
76fffd0056ad48fbddac939c05e05cff,200.0,watches_gifts,640.0
151f6da73d1f11e1a75553f0281d19dd,200.0,fashion_bags_accessories,352.0
c7dd80b25977a47ab7ca338ec01aacda,250.0,watches_gifts,352.0
b5c315fb01a02190500528edf520883f,200.0,fashion_bags_accessories,640.0
4a9947ec1fcec2b3321193ed5590e8cb,300.0,watches_gifts,640.0
7c36efeb84ad73bad896d3b2c7a21e3d,300.0,fashion_bags_accessories,352.0
e489b41419c7d7d00445dc5d3c9966a4,300.0,watches_gifts,640.0
2295c573e69974c45434ba00300189f4,150.0,watches_gifts,640.0
31e3a259123f3ba71c572f0bc08d9e5b,150.0,watches_gifts,352.0
10335f29114548c89998eb43398f58e5,250.0,watches_gifts,352.0
30ab498424a05754d445336acbcf05d5,350.0,watches_gifts,352.0
7b66b19cf13720604859bcd8c48c0dab,250.0,watches_gifts,352.0
5ef9e1c3025c9f6e28f8c3406de6a456,350.0,watches_gifts,352.0
0d9f729c5dea994b9072004fd2656cc3,250.0,audio,352.0
339dfa68c25548e53903cd44e090f28f,150.0,fashion_bags_accessories,352.0
67817dbbb200f7f623c75ac106b07808,200.0,watches_gifts,352.0
06ef141d37f22c5742e445504b5805a7,250.0,audio,704.0
12667a519a4a3094eab02f5841b07409,200.0,watches_gifts,352.0
91442659f31ec0f0fc73215e77854fac,300.0,watches_gifts,352.0
f883c296edea388761ae3de2bc4870f3,200.0,watches_gifts,640.0
0ac4b9dc5e23908abf09e13da3ea1bbb,200.0,fashion_bags_accessories,352.0
74903af00140072f48c7da1cd4984f88,300.0,fashion_bags_accessories,352.0
40776699299c733bc0fdbbebdbe8b9cc,300.0,watches_gifts,352.0
306d69bdf4ce0d89bad3e622e443cf47,200.0,watches_gifts,352.0
bb09b0b5f3668effd704b1b2a83cae9b,400.0,watches_gifts,352.0
ce098d2a36ef6a9b6658f0ffd3e37ae4,200.0,watches_gifts,352.0
08922ac36480e00c6972216735d44693,300.0,watches_gifts,352.0
ca0ebb053b17d7de027780de787ed000,200.0,watches_gifts,352.0
d7ae861cd4272698b4ae0c9f9c44a095,200.0,watches_gifts,352.0
0eb14dca77e29c41da121dfa88b4b0ea,200.0,watches_gifts,352.0
f43650d60d36b1668f6e5dd41e27f2f6,350.0,watches_gifts,352.0
8a7a92a0e4e5abcbc90117424507bb7d,550.0,watches_gifts,352.0
b9a248fd2814f6564a158c8f3c2b1db3,200.0,watches_gifts,352.0
b736ba4727efeae1f506172be7e39905,100.0,fashion_bags_accessories,352.0
6c50c87e36d8641d67fbcceed5cfec5e,200.0,watches_gifts,640.0
01365901d8f2247976a7e5d4c98c52c0,250.0,watches_gifts,640.0
6f0f907c9cf458139bac7f01777b9bbf,300.0,watches_gifts,352.0
04867a0efbf0779b221235559860b9b8,150.0,watches_gifts,352.0
10c406279c428b45c54cc17645cca63d,300.0,watches_gifts,352.0
327018136fd4a966408df8243383a233,200.0,watches_gifts,352.0
e7890707ac0e4e190a74aa46c92e2c94,250.0,watches_gifts,640.0
3a95236711511b32855804d3a6287595,150.0,fashion_bags_accessories,352.0
2c71438371b35f7ce3c2511d6b0927e7,250.0,watches_gifts,352.0
27d089865ecb267c190122ec1feddb8a,250.0,watches_gifts,352.0
cdef49b7bb863e9db298e7868ddf93e3,250.0,watches_gifts,640.0
268ea464cc693d6d2e5f79ac2d6778fb,400.0,watches_gifts,352.0
5be202203d884803b74c45c7ff991706,300.0,watches_gifts,352.0
7787f84dcc43ef95552cd95d2c86f418,200.0,watches_gifts,352.0
17f1ae71c27aaad9cee4655e62a50189,200.0,computers_accessories,352.0
d07cd460b9d3556ab8b59d0ab7163a0c,200.0,watches_gifts,352.0
49a968658d070a34b8ace5e4441d1030,200.0,fashion_bags_accessories,352.0
5de25300e7c1e5952be9f6504da7d4f9,400.0,watches_gifts,352.0
10f2f7707444b16ab90c38797c095336,350.0,watches_gifts,352.0
aaac8216e02ae792b8d28c6bead83ee6,200.0,watches_gifts,352.0
b2b7267fcaf435c1d6ff0fe43b6716d4,200.0,fashion_bags_accessories,640.0
924d6619805478222273ab8ca2540b25,200.0,watches_gifts,352.0
2f317a0a64c7ddcf9677e60016354d0c,150.0,watches_gifts,352.0
772453e71330bbe06de41e9baf8495ac,200.0,watches_gifts,352.0
499bf152a2df4c2caa45d1c34342ddec,200.0,watches_gifts,640.0
954ed36fcf28237749ef5616ab0eff87,150.0,fashion_bags_accessories,352.0
52d163dd9192d5a70afc33cd8c60131e,150.0,watches_gifts,352.0
cb7433cfec8ba4a55092889fad62c6ed,250.0,fashion_bags_accessories,352.0
a76b3bee03ec4c212cb5f07050c8277d,250.0,watches_gifts,352.0
2b4280ae2d10eefdff9b5e1b1a9ebf53,150.0,watches_gifts,352.0
6b3de4cb14325f3a0dafa939520f514e,250.0,watches_gifts,352.0
7021736b31103885bfc8269887f01659,250.0,watches_gifts,352.0
39581a590c262629c9854596173834bd,200.0,computers_accessories,352.0
6c8353ee35a281d45677fc3715958586,200.0,computers_accessories,352.0
eb356ef61e2262adcadc023b9522609d,200.0,watches_gifts,352.0
acd427ee119d5c71c7a85ae488cb0a6a,200.0,fashion_bags_accessories,352.0
38ac7ec5736a1b9121e85a1e6bd68e39,200.0,watches_gifts,640.0
263849cef3655e2a54a6f55d4ccad401,200.0,watches_gifts,352.0
31c47aaa5775c3b8eed73650e59586a6,300.0,watches_gifts,640.0
27e9b49fde45d10aeb0ec54968eff703,200.0,fashion_bags_accessories,352.0
6bfdbceb7790a17493f90ec854767268,250.0,computers_accessories,352.0
457c5f8a59156ce6315753d8d788a16a,200.0,watches_gifts,352.0
eccec1984cb1d214cc91f3168b113958,200.0,watches_gifts,352.0
a214ec4881cfa50f718046bdc15c6a22,200.0,watches_gifts,352.0
a848f5d152bc4b1ed01d9d231f15cdca,300.0,watches_gifts,352.0
8264f2dcca3aa83cb217d7f09e9c8cf8,200.0,watches_gifts,640.0
8bef2f3e34f2cc22c908921e6e9eebee,250.0,watches_gifts,640.0
6869b7e59ba6dd738b6ad254e6794b1d,200.0,watches_gifts,640.0
5da61f03fa61bb3e2d965b98aa102ad7,250.0,watches_gifts,640.0
b9c7a57c9d01c95a4dc4815e539852eb,150.0,watches_gifts,352.0
59916437bc3183cc1d0e7150d8532bfd,250.0,watches_gifts,640.0
d68b7771d853f126569c7e64658e3162,200.0,fashion_bags_accessories,640.0
1d54b96972338247c7341a2069e2bd96,150.0,watches_gifts,640.0
5b3929b3916f45b3e9c016807f0756c4,200.0,watches_gifts,352.0
8b6ede776c9602a1db79d27547ff8253,400.0,computers_accessories,640.0
8474b565abca4884081d595a23a599d0,300.0,watches_gifts,352.0
6baa004ae73ded1fcdf0e1f153bddf20,150.0,watches_gifts,352.0
d4a3a15f99c94c6741d16d3375b928e6,250.0,watches_gifts,352.0
04af9f3af5c6afc4eece909c25330934,200.0,watches_gifts,640.0
f683f3a5d367251ac1a86404f15615b5,700.0,watches_gifts,352.0
4bc67f0e0c4badffd66ddb6641122a33,200.0,watches_gifts,352.0
78214a7dd344600bc2506e60f9e2bbd4,300.0,computers_accessories,352.0
6bebe9cd650ba6c55af91897a572e3d7,150.0,watches_gifts,352.0
ee7cb55a3fb6c3f091ecbfcdc46359c6,350.0,fashion_bags_accessories,352.0
e6c281e2c53db0da44ecb84c5451d25e,175.0,computers_accessories,1768.0
24820a1196d38b337b214cbe699410ed,250.0,watches_gifts,352.0
0067f97995b0c3a86739734dc87ee6b6,200.0,fashion_bags_accessories,352.0
3a07f82957867a5eb477dc7f2f60c2aa,250.0,watches_gifts,352.0
140048a7ca8c50c44a58532471837660,350.0,watches_gifts,640.0
f93abb853eee25cbbce73bbc1c10667d,300.0,watches_gifts,352.0
17fe399dea1627d099a67438b3d562a7,300.0,watches_gifts,352.0
a33100df83e04b43a9b42f973e3a429a,200.0,watches_gifts,352.0
a6fe71f0756d773ce5cbb7564f049939,300.0,watches_gifts,352.0
a0b4002c65e49bff2f59d5c78c95fd0f,200.0,watches_gifts,352.0
427773a5ce823492c383adfec35dff62,250.0,watches_gifts,352.0
52f8fc75f52850fdf63257f0dd79a9dc,150.0,watches_gifts,352.0
39478306951bbc2bdafa47682ce2ea10,250.0,watches_gifts,640.0
094615cac200c0dc4620ae28485f81f5,200.0,fashion_bags_accessories,352.0
7d4e1dfb0aeab74c695bcb6ca09c3338,200.0,watches_gifts,352.0
15557c53492889a2b63e65df34a738ab,200.0,watches_gifts,352.0
c18399e510fd09e3186d34f4206109d7,350.0,watches_gifts,640.0
83b6f73c0ad25d9b469deacf8da19d80,200.0,watches_gifts,352.0
591cf821695e4e2934a87e07122f7839,250.0,fashion_bags_accessories,352.0
eb05c950151de27dafff354e4a7fcc9b,400.0,watches_gifts,640.0
431772d0bf9d5e9a46fc78cb834a28ee,250.0,watches_gifts,352.0
710e89a75e7f980a83c21d9f884ae13a,300.0,watches_gifts,640.0
361ecd8e68cab4a2fc502803a9dd790f,250.0,fashion_bags_accessories,352.0
5467d6901b698f1fe968337ee39c5dfd,200.0,fashion_bags_accessories,640.0
bc7f7a995ff963c23da53e0856e8b6a3,150.0,fashion_bags_accessories,352.0
45dc67310ca176b5df98262187d7bf41,200.0,watches_gifts,352.0
90111fe8e74ecb8fb94fa93f76efbfe9,200.0,fashion_bags_accessories,352.0
69c1a709ba2ac6511ef8553b93074ec1,300.0,fashion_bags_accessories,352.0
fd12e3863702114b037de431a73ed139,200.0,watches_gifts,352.0
368c6c730842d78016ad823897a372db,1650.0,garden_tools,19800.0
389d119b48cf3043d311335e499d9c6b,1750.0,garden_tools,32560.0
53759a2ecddad2bb87a079a1f1519f73,1500.0,garden_tools,19800.0
b0961721fd839e9982420e807758a2a6,1850.0,garden_tools,32560.0
0bcc3eeca39e1064258aa1e932269894,1800.0,garden_tools,32560.0
422879e10f46682990de24d770e7f83d,1550.0,garden_tools,19800.0
154f1553226255086ce3e22b1b013415,950.0,signaling_and_security,15435.0
1ba4e3fe92f16fd5a8942f7b7d804b52,8500.0,baby,50625.0
cec6ba506483e17644eb48ee6694f5cf,5050.0,garden_tools,15435.0
66421745b3128972e1b0dcb3123e8c1d,8800.0,baby,50625.0
4b5df063d69ffafb87c279672ecb4191,3550.0,baby,32560.0
27c0cea4dc76549f5bd124d9cad0ae3b,13700.0,baby,90750.0
a77e6c93242ae050800cb3e5b98c2fcd,8300.0,baby,50625.0
b6ada73818651fe7e64be10653062ea2,7900.0,baby,50625.0
e11092e9722d1b6f8c18cd8947a1daff,7450.0,baby,50625.0
bf44071ef18f5c9ded039681c68b1996,6050.0,baby,50625.0
cb57bf79c8852724011a0b046b7a07c9,3600.0,baby,32560.0
e85fbac9d80b832ba812bc5d7ffe236d,2350.0,signaling_and_security,15435.0
a6be3b3eaae040735e86e4376ea77515,13400.0,baby,90750.0
e4a8b44a9559141ca439903f116bbbd4,14150.0,baby,90750.0
3a361fad1e42318dd4a6fe415363067f,1850.0,signaling_and_security,15435.0
99a4788cb24856965c36a24e339b6058,1383.0,bed_bath_table,20000.0
84f456958365164420cfc80fbe4c7fab,1550.0,bed_bath_table,20944.0
777d2e438a1b645f3aec9bd57e92672c,950.0,bed_bath_table,23625.0
8a6187b2665118d5095f99a25fd7ba7a,1300.0,bed_bath_table,23625.0
7340a3839a1de1e99d149b8cf052a2ec,800.0,bed_bath_table,23625.0
24a014458ccc6e989b4fcef5fa71da58,2000.0,bed_bath_table,23625.0
35afc973633aaeb6b877ff57b2793310,1825.0,home_confort,21200.0
9391a573abe00141c56e38d84d7d5b3b,5200.0,home_confort,23625.0
ea3be87c5c6c69043c9eb7836199c200,600.0,bed_bath_table,27000.0
f42892b40225227fe465626ff509a92e,1750.0,home_confort,23625.0
83309bfd8eef19fbfaa8e790b824b572,1600.0,home_confort,23625.0
3d1d7aa3dfc91ac9490303d6c7342e83,4900.0,bed_bath_table,22500.0
64fb265487de2238627ce43fe8a67efc,1825.0,bed_bath_table,20944.0
f2e53dd1670f3c376518263b3f71424d,1975.0,bed_bath_table,16523.0
db123b35396aafabb2d5b476557abed5,1700.0,home_confort,23625.0
39f9ab5ea27485a4c3d32ee4c45630d8,450.0,bed_bath_table,23625.0
fb05d01823da2c4e90924c5486134808,1750.0,bed_bath_table,23625.0
29fd9022374ff3fef2e8f82c39b4133e,800.0,bed_bath_table,23625.0
f9be8e0e5acd947d8f49dbc390b9ab20,2400.0,bed_bath_table,23625.0
b74d57e3377dd78aace6d070fc48cc88,675.0,bed_bath_table,25200.0
b7605b5b483063d12bd90a772bff9d21,550.0,bed_bath_table,14000.0
64ea282a67530101b655f890b4ac8e90,300.0,bed_bath_table,23625.0
35c7e6723b080a78be6fc25d81eff5ea,1350.0,bed_bath_table,23625.0
b214e7013d82644243e8560287d1ea90,1200.0,bed_bath_table,23625.0
8963eba2629ee030c4de83703c0ae020,3450.0,home_confort,23625.0
c19d3d531fcbc095536275e1ecf643e4,500.0,furniture_decor,23625.0
0efe972876d70927f5099b77f387c6c7,1350.0,furniture_decor,23625.0
be59d6c35e43e4bae41772d4b87136a4,2250.0,bed_bath_table,23625.0
eda141a3df363e0374e85007d1b4bc85,2150.0,bed_bath_table,23625.0
ec5b3c8bb77ad22278f6e9d719a83de3,700.0,home_comfort_2,32760.0
7c65bcd66be0ad761948bfeda4e7bd2f,1550.0,home_confort,23625.0
62953ad36e6c894ce69fc72d9a5246f3,13050.0,bed_bath_table,23625.0
ff5ecb2f7628793844e861076ab8e467,450.0,toys,23625.0
0214e4741dab5812bb31a61af1dc3de5,2100.0,bed_bath_table,23625.0
299f6d537aa695fad79a42bcf3fdd3a2,3200.0,bed_bath_table,23625.0
48f866f20b5b6015a324210988e73387,1850.0,bed_bath_table,23625.0
5bfc7506459ae2a7b4b573fe557a58e1,800.0,bed_bath_table,23625.0
f7d7b5c58704fb359a74580622800051,950.0,bed_bath_table,23625.0
868b3136c5b206f91b8208fbfdf2cb7c,800.0,bed_bath_table,15300.0
21a53da27d4b830f32f475a09f0bd54a,1500.0,bed_bath_table,23625.0
0009406fd7479715e4bef61dd91f2462,300.0,bed_bath_table,23625.0
d48adaf02f576324c7c0931a823025ee,400.0,toys,23625.0
c3adcd846a294794059da678fb939220,1200.0,furniture_decor,17802.0
fcad6e5643f855de4b616a24e6dd25e4,15150.0,bed_bath_table,81270.0
1f30aacc69904c0d0bf8d05cb2abef72,1850.0,bed_bath_table,12000.0
7d1af70947f3ec4618297f9dc62086bc,750.0,furniture_decor,23625.0
f744418ea0467967ce11d829d1f9419a,1300.0,bed_bath_table,23625.0
754cad4d4066b7675d65d47ac51d29fd,20100.0,bed_bath_table,16875.0
b90e1ae66051c1c035ae54b2bcb889ff,18000.0,bed_bath_table,23625.0
1b6e2795daa2ca887a0310b0a79000e4,700.0,bed_bath_table,23625.0
537148287359f3f816095b3bfc368130,3600.0,bed_bath_table,5250.0
787268a8ccbecd1ae02d8001b61ca46d,2125.0,bed_bath_table,13858.0
dd66beca916c169c2a77e40ae2858623,3300.0,bed_bath_table,21000.0
9cc4f78d8deda3da85bfd76aea339cbd,2900.0,bed_bath_table,23625.0
c07d367dd7b78b0558e7a3e1e1a975c8,12850.0,bed_bath_table,48000.0
4b7e33b62e843418e0e924285c374739,300.0,toys,23625.0
ec242882027ee23182f0e790e4117128,1400.0,bed_bath_table,23625.0
cd23f8469a90c62d99eb9bf8ad74fed1,4000.0,furniture_decor,23625.0
6cbfc716ebf92d25d1047a5fe47af5de,2000.0,bed_bath_table,23625.0
b30bd2570ba0ad3ce06e785a7b23d544,2900.0,bed_bath_table,23625.0
24e3e6b37adf838150e7bd4dda394c31,600.0,bed_bath_table,30000.0
30715b45872148dd5322eb2989228a43,6050.0,bed_bath_table,51200.0
293ee8ac0a45f559cdeba37b938fdb66,8550.0,bed_bath_table,51200.0
908dd61b840a480fa931ef04389c6266,1500.0,home_confort,23625.0
641444946fe3a839d726c32804cd1aff,3900.0,bed_bath_table,23625.0
e2cd18ee8f14173a56ae0ddbe05a9cf9,1800.0,bed_bath_table,23625.0
30d5e50fed61fb46e697b737f94e1468,400.0,toys,23625.0
09258106f546b38b0f817fc3aadf650b,200.0,toys,23625.0
36a3aa7d9d4e2bfcd7edb9c2abf061a6,2450.0,bed_bath_table,23625.0
60a3aec19dc1a866e9cf6a6b4430916d,1450.0,bed_bath_table,23625.0
10dfb99fdae9b721c39b7458564397f6,3450.0,bed_bath_table,15000.0
db6796aa712a2626572bb3d0b9a039cf,1350.0,bed_bath_table,23625.0
db4b70dd871dc731288f44fccae1ee42,500.0,bed_bath_table,27000.0
b17808303e15dd50538c011b44295427,1050.0,bed_bath_table,252402.0
fa243e761ae871597627e917611eeb23,1800.0,bed_bath_table,12000.0
91497eff4735d835057824111f9532b7,700.0,home_confort,23625.0
4f130a13e2dd77a6f88f31e7addcec0c,500.0,bed_bath_table,22500.0
afbe1e973aefbf72a330e3bc72d4b476,1450.0,bed_bath_table,23625.0
6761b88d4716b34a0d41bb8d13e20db0,1900.0,home_confort,23625.0
1db2dfac4f8c0a4499f94838b3ee0628,900.0,furniture_decor,23625.0
5cf189f48af24c605a16bcdb701df823,750.0,bed_bath_table,23625.0
d63c71088e06ea00d66dc357cda91a30,1500.0,bed_bath_table,24000.0
fc7d2de677b4aec44e4c6c900d3f8b79,3400.0,bed_bath_table,23625.0
3c332c78cd1032a39727291af7ad2932,350.0,bed_bath_table,16200.0
74d70f0700daedecb18089fa693f5ca2,4000.0,bed_bath_table,23625.0
8e20986c0842f8d4d8393ae6a2f05cad,450.0,toys,23625.0
c8aa3a6754ab1ad362858eca26f58c8b,10900.0,bed_bath_table,23625.0
3a7553224e54d216c4a65c85f2d04deb,9475.0,home_confort,60420.0
2cd4861a56a6f98288e0281e47f4b1d5,6250.0,bed_bath_table,24000.0
3933e8a85308e9e9e9bc428355ba203e,1900.0,bed_bath_table,23625.0
d2ff5f62363de6bace21676323900d0d,12050.0,bed_bath_table,72000.0
1d6d7be70107889e3193819aca4dc1dc,900.0,bed_bath_table,2400.0
e5ea77a1575b40961598bca64f081976,1500.0,bed_bath_table,23625.0
f1e0c91e748d3ddfb2728c51078c2b08,200.0,bed_bath_table,12000.0
7b07f25dab76a821beca96d40ee0553e,300.0,bed_bath_table,21000.0
3ab181ea2f9cc4be74bad27ef8a03492,3650.0,bed_bath_table,12000.0
8e371c2303bcf90383f6cebd67f2dffe,450.0,toys,23625.0
144e17b0496772329803ee3007951ec8,1221.0,bed_bath_table,19200.0
b3716b1e3576d3f2f246139d80c67d6a,200.0,toys,23625.0
8470bac0f1a7439fe183013eab283534,5050.0,bed_bath_table,23625.0
acb4bf13aa9ccb88c7c399fc6b025130,600.0,bed_bath_table,23625.0
f3a0e8de0d8bada90f638dd837416ad7,2150.0,bed_bath_table,23625.0
6ef76b1a0c15eb96ed49c78d38f37b68,600.0,bed_bath_table,23625.0
ee459f46c41c7314be5b18a4cad901de,1500.0,furniture_decor,3120.0
47afe56948e4dea1c15bf6c808da1a22,1150.0,furniture_decor,9000.0
750a49a83f6ad13ccdf4a761309483f2,2050.0,bed_bath_table,23625.0
a37ac4848a06b9240e633912b5e03eda,2600.0,bed_bath_table,23625.0
8b68bdd62b3d58f750f213d3ae36dc4e,500.0,toys,23625.0
404a57563d487aecbc2b1a01d9b89aab,3500.0,bed_bath_table,23625.0
6856ab01ef22301e08a45d5842ccb247,1600.0,bed_bath_table,23625.0
2d915801b31f1140810a5bfe56f40276,1650.0,bed_bath_table,23625.0
52b3af7304d611855714d9b3d1724ea7,1150.0,furniture_decor,23625.0
92e2d2146e433cd4d1f09a3f8633ead0,1200.0,bed_bath_table,15444.0
d6693a8a60b625f2c5eff7f475b5ed22,5550.0,bed_bath_table,20250.0
f009b1fd2d0278e72174b86019655f28,5050.0,home_confort,23625.0
946b20e2799c73ad1f8f95440f723ce4,16800.0,bed_bath_table,23625.0
00be617b58175bf207fd35910d5097a4,900.0,bed_bath_table,23625.0
fc56c478c11ca5989e21da62cb19de16,1350.0,home_confort,23625.0
9d274c8de79fabb3f4c65b64b9feb02c,7800.0,bed_bath_table,21000.0
063daeb82f41e36a160549515ef28e75,1975.0,bed_bath_table,14190.0
7172a7870fee91850dcbcb1f4de40cfc,1850.0,bed_bath_table,23625.0
fa99f765b9d185e1726708bdaf27f8e7,2100.0,bed_bath_table,23625.0
83c77d39ee16193430f019d3f090d222,1000.0,bed_bath_table,60000.0
ec7b2b334516bb56c78c6c26dc1136d9,2125.0,bed_bath_table,10602.0
1584ce1843990c0f62e353fd0478c2df,1500.0,bed_bath_table,23625.0
eedc20781b2e095ce09617ffc959e188,3600.0,bed_bath_table,12000.0
f1261761d91b574288d60a6390a007b6,1600.0,bed_bath_table,23625.0
ae386a85b1db680ff31ad0f2d07a9965,1900.0,bed_bath_table,23625.0
b4617aa8f46404c5a9321dcdbacc4ee0,1700.0,furniture_decor,21000.0
8da77162e41d47464f9806727417cf6e,3600.0,bed_bath_table,15000.0
0ecaf0629e5e227413504f3892bd76ba,3800.0,home_confort,23625.0
c1803577315d1501dae3033b5cfa3993,2200.0,bed_bath_table,24000.0
39342c8e5e512bb1757779a3821a450f,20900.0,bed_bath_table,20250.0
d55d7f0c5ef5a075a5a30e2517867bc9,3200.0,bed_bath_table,23625.0
2700e8b4a64d5e7fae2677755e44b9d6,11450.0,bed_bath_table,72900.0
f2c1df0fc307ec60e3321c708c1dcac3,850.0,bed_bath_table,12000.0
bd4b8ef786f95b66ded2f483293318ea,2200.0,bed_bath_table,23625.0
4a25fe90f6685b9fc991af9a796f74c3,1900.0,bed_bath_table,23625.0
503a975b7fd96719d7cdb8b88e7f5d0e,20900.0,bed_bath_table,23625.0
d3e87f5919c07582b6b4ead0f7eb15c0,600.0,bed_bath_table,6750.0
02fbee632a2044d48ab16d57eec4db58,1017.0,bed_bath_table,19890.0
e78bb4f98fc44ff2b94558e4358ce6b4,600.0,toys,23625.0
a79c0d179a6de79b23a81b64b3980c04,1200.0,bed_bath_table,23625.0
073afdaeb2d71d4da3ce0c6935614289,900.0,bed_bath_table,6000.0
509db8ad81eb83b247f4b73569bacc76,500.0,bed_bath_table,23625.0
a5bc15d5136b84537fb92bb7c06f6837,2200.0,cool_stuff,23625.0
a565c2e7c2af3eaf353b14a2e82daa53,2150.0,bed_bath_table,12000.0
bd160228a5f454ada5a6b0354c96a0d2,4500.0,bed_bath_table,23625.0
8d99a7ed81f061ceed740d8900be880a,3775.0,bed_bath_table,11375.0
80728f3330e40b60b5ebfa9c6f740b8c,3600.0,bed_bath_table,23625.0
317a8d8e17b2b10b8074de17b3ca6073,100.0,furniture_decor,23625.0
ed5e88f9b72cfcd1e26db93ebe4b30fd,450.0,bed_bath_table,23625.0
a71d0bc0c279b81bda788ecaca585ca5,9300.0,bed_bath_table,23625.0
64b99eed898c1b99a94d93cbf5873690,1750.0,furniture_decor,23625.0
7ad1208884270048a2176ff437f49a9b,2300.0,bed_bath_table,23625.0
0ec63d4c614fff936b02b10d242bf955,1350.0,furniture_decor,23625.0
f05901e010ebaa3924276751a35e6004,500.0,furniture_decor,23625.0
e21c6ed0576cd50384123f8b7ca81922,450.0,furniture_decor,21000.0
4d687600c495f2049542171633cf1f77,18850.0,bed_bath_table,23625.0
023a60ac6b3484afe23d788ce2444df0,14300.0,bed_bath_table,23625.0
d2fdf77a5b302a3adfb145131a217f2e,1000.0,bed_bath_table,23625.0
677c80cd5ba8c0099fac5606e53648ae,3900.0,bed_bath_table,15000.0
fdb7db3bff9c924c80ae39b6cd2e82a7,10050.0,bed_bath_table,60000.0
8268f227748ea57889478c74ca12d151,14550.0,bed_bath_table,49000.0
85fe203e9890d4e0f8075977b90241ed,450.0,furniture_decor,23625.0
777a181e167987349d104ece27e7e112,17000.0,bed_bath_table,81270.0
0ff06f670421802f36a7082dc962c6fb,5700.0,bed_bath_table,48000.0
47bc2406d0edb0a2ac3cee99de9eec1b,3550.0,bed_bath_table,23625.0
bc4d8a403b121ef3965530900b4309b0,13483.0,bed_bath_table,55680.0
9ce90721c582bede1c152150a883b801,300.0,toys,8000.0
70431405f38dc4a0ee25fbfba20dbd16,550.0,toys,28200.0
d19e5d8dfe80f249d215c3e5f9a4b6d2,8550.0,bed_bath_table,45000.0
d065729477709c73459cad1d32cf311f,650.0,toys,23625.0
1de1332e38dc2f575edfeae165edea4e,2150.0,bed_bath_table,12000.0
10163fabc9375e9bb72a109272730c6b,400.0,bed_bath_table,23625.0
1015f4f024ec3cd0f9516a779ece52dd,1100.0,furniture_decor,23625.0
4f921f8c68e266afadbeacb7897b2803,1950.0,bed_bath_table,23625.0
fc9f8ce7c9be6295161b8c8fccb26b6b,500.0,baby,21000.0
1c93b38903bf11d9a9bd28f3c65481d6,19800.0,home_confort,23625.0
12fd8665371236b5b586ea4e448902c8,4050.0,home_confort,23625.0
0accb86cd9322f97f4d1523781e10fa5,5350.0,bed_bath_table,32000.0
ebe0c263e693796f0738dc56bba6e9ce,1200.0,home_confort,23625.0
ec03b7c4f40b96139d2ce2ef0b798284,5900.0,bed_bath_table,23625.0
616c1294c57a15354902fb69420fdc2f,1400.0,furniture_decor,23625.0
61984b4164968929229a5bed244e353d,850.0,bed_bath_table,12350.0
88ab3ce1ded665150c5cd6adcc5287e0,400.0,bed_bath_table,24000.0
616c497aa9cc2d4ce93eb380cf5cc121,30000.0,bed_bath_table,23625.0
08d94d42353229701a47e7cd5362b450,1600.0,home_confort,23625.0
31c954de261f07754040a8fa2529e95f,200.0,home_confort,23625.0
1dd9019e9b721d5535c59d13551b2469,550.0,bed_bath_table,23625.0
af2ce88035b65e8f987e8038fa87098b,850.0,baby,6300.0
3bab56924ec762e9340478909312d5c7,400.0,toys,23625.0
8cee1d824765335c48ccc515c2ecf4b8,900.0,bed_bath_table,5400.0
e8ad45ffa4260bf3a9cb60de28341924,2050.0,bed_bath_table,24000.0
236bdebe067710d4d30698ac69555423,1200.0,bed_bath_table,23625.0
5e939a93f81b2b628f2c09510001742a,1800.0,bed_bath_table,23625.0
f4d18451e6c35980e6898e36dfd6fb55,900.0,bed_bath_table,23625.0
15b142fc0f773fb67de91301d1701894,900.0,furniture_decor,2400.0
5947c33d0250e65638336c25f5a8ab48,26600.0,bed_bath_table,23625.0
e41e130eb1fdd3eb4906ccf2ade8a86a,600.0,toys,23625.0
f65464750198350b78735037a9b35dd2,20100.0,bed_bath_table,23625.0
c616bd7e2474cc223adbbb959076439d,3550.0,baby,16000.0
6b445dc3a4183f17e1a90307edbf0b1e,2550.0,bed_bath_table,23625.0
a5b4f317244eebd07c3e881cf54abc1c,1550.0,furniture_decor,21000.0
d816a92fa931677cd6821e47cb622d35,1112.0,bed_bath_table,10640.0
fe95eb948375116da759c8ef60295001,800.0,bed_bath_table,23625.0
3ae3ff1822dea42b242b5902e605c1bd,3150.0,bed_bath_table,23625.0
305307f44f730d8ddd6db6e2efedee64,700.0,bed_bath_table,3000.0
563bbe0d8473acb99ec159079a8352f1,2200.0,home_confort,23625.0
80736543f7c5c511bccb61d1544d9d0b,4600.0,bed_bath_table,7200.0
48972c4d034d78bb520475d037515238,550.0,bed_bath_table,16800.0
e69de7cd67f5bb13797a8530acd9c711,1600.0,bed_bath_table,23625.0
b7545fcb6846edbe119f90a80889b31d,5550.0,bed_bath_table,23625.0
085f9fe187c082982f23152f97f4e0c0,1900.0,bed_bath_table,23625.0
5496a07083e7727282eb3d1c97d5c054,2400.0,bed_bath_table,23625.0
96e8923537d69875e7507e3fe08ceb6d,600.0,bed_bath_table,10000.0
d0807c73a4a44baf809ff7bee3ea5c97,1350.0,bed_bath_table,9570.0
25915ab9e0331a7c8afffe0a27b3fe79,2000.0,bed_bath_table,23625.0
7c1b31947e5d43e0a96efe80554c809d,1400.0,home_confort,23625.0
1ae80eade3400d1468bf84ce7bd6b479,900.0,bed_bath_table,23625.0
f3ff1b0df51e4b86a6dc168c8bfe7dc9,1650.0,furniture_decor,23625.0
c367cd626353eda46b3db64e735c2f6f,600.0,baby,3250.0
f8a8f05a35976a91aed5cccc3992c357,1500.0,furniture_decor,23625.0
2af3bc8c9414aa21fdcb986aba6fe286,5850.0,bed_bath_table,35000.0
d730058d1bde41dd32e054abe2fe015f,2800.0,bed_bath_table,23625.0
a94bae2ca6c0f6530af830bda6dae563,900.0,bed_bath_table,23625.0
b3d1d218a4ff07119f546a42c6ee7d7b,5550.0,home_confort,23625.0
125e5760a3ff01937be3b2a1a7f14aa6,900.0,bed_bath_table,2800.0
572a90c3bb49f037f9400e6b5937e831,350.0,toys,27000.0
3e5b75c297ba6534b5188202c4a6a58b,1350.0,bed_bath_table,23625.0
3932e37f1f658768ac53fbe680f145bc,1100.0,bed_bath_table,12000.0
48ee9be392f28ae3a64518a070f4d06a,700.0,bed_bath_table,23625.0
3f7965eac71911314776d32209c84483,550.0,furniture_decor,3000.0
26db948671a4ad63637c2d2065477f00,1000.0,furniture_decor,21000.0
2a5fa7b501557e971bf63ec336f67fa2,5900.0,bed_bath_table,15000.0
9221870543e7f515a11b884fdcd84cc3,3025.0,bed_bath_table,23408.0
f64fc82a96c3d672cedd416653f65f06,400.0,bed_bath_table,20250.0
081c9dacbe5aed5910bef759117070a5,450.0,furniture_decor,23625.0
d75ee8bd2f182827d5a26a09ed584c9a,700.0,bed_bath_table,30000.0
ed50991bf7ccfa075d2cb1ca9a29adae,1100.0,furniture_decor,23625.0
57212b61ec373df1504d050a17e139ad,4250.0,home_confort,23625.0
3822a27bc32b4e20694f1819c6d6e7ec,6400.0,bed_bath_table,4500.0
933de9d29576bc63831e54f7b5bacb8c,400.0,bed_bath_table,6750.0
e4f3a10338ad9594098e83015a3a7c6b,400.0,furniture_decor,1100.0
f027a7f215ea97926c427c5b0b313f9d,800.0,bed_bath_table,6000.0
4525ba25c6fe12c6c01f869b3226d8e4,1200.0,bed_bath_table,23625.0
dff2d533131f407db58a34fd3f832821,1250.0,bed_bath_table,23625.0
a4fbb3775a887454ad56b9b912b526fb,1800.0,bed_bath_table,12000.0
28ef7ba5765422d40274d5ebeac97c9b,10900.0,bed_bath_table,23625.0
ee4c8acefd0dbcae1a83e07c101318f4,7550.0,bed_bath_table,23625.0
de012eb8e2b6308aff160e7403019b6c,700.0,toys,23625.0
e068d6beb383500788df589d811cbda0,1900.0,bed_bath_table,23625.0
16447aab914c7ecbeb5b7b7518ff3d94,150.0,furniture_decor,2500.0
3ff90de8afa748b1f8441607fb2b1e49,1300.0,bed_bath_table,23625.0
f2533dc1eb7dca7f684254fbfa98caf8,2500.0,bed_bath_table,12000.0
39fab2af0c4e38ee29c6b8e05c81f93a,250.0,furniture_decor,1320.0
6914791ca3bbae73b7111d6b3ecbc814,450.0,toys,23625.0
d408eeb36f808d5f6924ec41bdc914be,950.0,bed_bath_table,20250.0
f86ab4e67c4b9e24b61a0abab8cba388,500.0,bed_bath_table,23625.0
64df949908a46fb485e56ba12c1ed052,1950.0,bed_bath_table,14190.0
e45f2a329621593cdfa31be2b8a3bb3a,8900.0,bed_bath_table,50400.0
341510944cbf67a53d3ab835498921c1,1500.0,bed_bath_table,21000.0
66c88e3c982951328e1d8a0b32b7f60c,10050.0,bed_bath_table,60000.0
a9bd39d11fe4d2d378c44eee9b11d9ce,550.0,bed_bath_table,24000.0
1d24c180dcf6365fe1f3fc14c0cc589a,1425.0,bed_bath_table,14190.0
057041a5c3e1080ad700db092badca71,8950.0,bed_bath_table,48000.0
e931f0b36e64979ba569e7efd36b1736,11500.0,bed_bath_table,50400.0
1b81160192e096f4cbcf518ffa830df0,1150.0,bed_bath_table,4320.0
ce3331eb40fd5790c4109f40a80df7aa,200.0,furniture_decor,23625.0
3d39adab5a0c6d3a6124f1a556589aff,2200.0,furniture_decor,23625.0
f8cfb63e323be2e1c4172f255d61843d,550.0,bed_bath_table,27000.0
6e69b019a5ce263335eacafaa68ffeba,300.0,toys,23625.0
25e3dbdd14cfd1a5b4638f0a9d41e70f,1850.0,bed_bath_table,23625.0
b469675b10244fe989f232d3b38b41f4,1581.0,bed_bath_table,27216.0
8afd99798fadd878e37b5bca830e6525,3400.0,bed_bath_table,23625.0
ec22e13f6e6798a040b5e4db9d434e59,350.0,toys,23625.0
22f49044bc3eaead7cadfb045391582f,1050.0,bed_bath_table,23625.0
4247b4b7b6026cb234f47c0b95193997,3550.0,bed_bath_table,23625.0
54f4b6d719759dc811ee18cc95104ed2,3000.0,bed_bath_table,23625.0
53edb39964473cfdfad5b78c9134bc7f,450.0,bed_bath_table,23625.0
db46052aed7dff59ba38cf2fe29b87f9,6350.0,bed_bath_table,23625.0
8b5551fceac21ae3ba546f410bb642d0,14000.0,home_confort,23625.0
df2dc5b34edb94bedfa04203cd9d6e9f,700.0,bed_bath_table,23625.0
3348355c60a53ca51a5bb5a4b63e77a6,750.0,bed_bath_table,23625.0
dde35467201d3ff9e3f8e4297aa2768e,8500.0,home_confort,23625.0
ed9eb16f4c6751d893cde24a3284b281,100.0,furniture_decor,1452.0
7741aeb3317b850cda6eec4627821fad,3100.0,bed_bath_table,15000.0
65c5f70a0cc1d74c36cb5e8de51582e7,650.0,toys,23625.0
9aaa1a6ffcb1d4a15ae80b602b8def1f,2000.0,bed_bath_table,23625.0
0968920dc8f4359a307bae3d69169e12,1800.0,bed_bath_table,23625.0
f7fb8cbbcb9cd35f6fc536c77ae02ebe,2000.0,bed_bath_table,23625.0
46f5ded2b6575266fc1458155a3f1fad,1150.0,bed_bath_table,18000.0
e4bb5bd18b0b3b6e9b7107ecf4fd11cc,1800.0,bed_bath_table,23625.0
32ae70a1e852f24cddc353ef7d38ed0a,600.0,furniture_decor,1520.0
9bf9c88e31e33139f919bb013cb3fb7f,3800.0,home_confort,23625.0
686b869ed0d827fa346e8ca87a54d0e8,7450.0,bed_bath_table,39200.0
e2765be8c962369ccda8f9880e6c3b6b,1000.0,bed_bath_table,12000.0
6aa994db5bc7ea9506451c75383e8769,850.0,bed_bath_table,23625.0
348b4fff3d6dcaa25f6f61805ced2da9,500.0,toys,23625.0
3033b785da7b2b5dea9e41fb29b72109,1850.0,bed_bath_table,12000.0
188ca16451af4da0cdad2750f9973fd6,900.0,toys,23625.0
9cc29fd22ea5b1a3e7f95ba41ae039c5,700.0,bed_bath_table,24000.0
db10315b99cdff7ca831c2a44ed5b601,350.0,home_confort,23625.0
339c5b81bf45deff28dabce4b8f05517,1050.0,bed_bath_table,23625.0
9e440ee1821439fdc539a6b1372f315c,1700.0,furniture_decor,23625.0
bfbb69c5813c20a95466cc03a1274efd,1400.0,bed_bath_table,23625.0
afc3541eb2b7d457d08b0b8f4526b350,2225.0,bed_bath_table,14190.0
56c1cf251f11ba5c5f1dd029fa148363,400.0,toys,23625.0
4da69617724180dc2e4aedddd7ef938b,450.0,toys,23625.0
d3f466b2502b985d472e7f0fb60eb678,1000.0,bed_bath_table,60000.0
ff50a7795bf14586aeb06610fae49095,2100.0,bed_bath_table,24000.0
da857fc20bb0eb099a186790add9b298,2200.0,bed_bath_table,23625.0
b581509b156a8fbc97230b31e9ff5892,3550.0,bed_bath_table,23625.0
9e4991475c72f651bfc73d697bf5ecd4,16400.0,bed_bath_table,23625.0
e7db781221480388a59e686261772dcd,250.0,toys,23625.0
3c8a9bd8e4b9ba22a468ffc658c71786,600.0,toys,23625.0
c975b90be565c8327e1b854ef05201fa,18050.0,bed_bath_table,67500.0
26437ba9eb3e55be2265009412da38e5,600.0,toys,23625.0
39f3ae59da5b8f220b4a98a157b93af2,2550.0,bed_bath_table,12000.0
696b2df83e0459ec8c60dfe72a77cf66,250.0,bed_bath_table,10500.0
cf721ee27a3c0f918f7aa1fabe7c6815,800.0,bed_bath_table,23625.0
d2fac83bdc41acb845baf953df64155a,450.0,bed_bath_table,23625.0
149ab38a09937b9195cbcaa295cf4a44,4350.0,home_confort,23625.0
b5d70fb85371ee18cb7742bb1f7fb119,400.0,toys,23625.0
53a0052cf484bbda6ee2de455d79ce9f,450.0,bed_bath_table,23625.0
216414cd4aad908188257071249e0cc3,2325.0,bed_bath_table,14190.0
3f5a7aa9c9cd21cbfe37688ed326222b,600.0,toys,23625.0
90a889e1263345cdb507da0926d5e44f,450.0,toys,23625.0
21e09cd30bfe8dd795517cf1fab6359a,8350.0,bed_bath_table,23625.0
6177675afbea0665b11380c36caf10bd,1700.0,bed_bath_table,23625.0
eacafb130c0b9e628640cf86bc28475f,300.0,toys,23625.0
b801ec74af3702cd4d67a0c165cd8e56,450.0,toys,23625.0
6ebdbcab1f0dc7e1d3ecb01c1b140ade,2300.0,bed_bath_table,16000.0
2b19dbb6e225fc04cf9a80d83f949b88,21200.0,bed_bath_table,16875.0
1f180c96859564dd5857185f5914d2c7,1900.0,bed_bath_table,7308.0
868766ed2172644fdd977d6bd395a107,250.0,toys,23625.0
38a3986954ae656fba0263c496a8b447,1300.0,bed_bath_table,16422.0
580f59d167b4ded91943ef2b1f3d0077,400.0,bed_bath_table,23625.0
52064f1a0937c3c72679b986b8ad7661,1850.0,bed_bath_table,23625.0
73caf722f1a3ff0dddd0b0aa162da0f9,1164.0,bed_bath_table,27306.0
41483859d76267ad9a2c8d0af4a76266,300.0,toys,21000.0
b6665355b9d865e088250a5c8d7b36c1,300.0,toys,14800.0
1f6cbd49dcb5d56eb874bf9889f9fd72,3550.0,bed_bath_table,23625.0
adb222a419f860c97ca8be0aa6f12212,850.0,furniture_decor,2500.0
5af8eddd880e2463740be6828d2b51dd,5550.0,bed_bath_table,12000.0
6471da78a18edb60d175c10871161356,13400.0,bed_bath_table,23625.0
1bcb8c6da1776e8ce06e459213adec74,300.0,bed_bath_table,19200.0
b27f54561f44d7036b4c0a62349626ee,850.0,bed_bath_table,16875.0
e101ca6287658a6104e804774d56b871,1500.0,home_confort,23625.0
8f61327bbc1b9096bd97323ab64fc6bd,10050.0,bed_bath_table,60000.0
e36f2ca8d28257f884c9a4cf523e6d70,2000.0,bed_bath_table,23625.0
b7217c2f0d36a676e0350fa550c61fee,450.0,bed_bath_table,23625.0
387f1559343d513c4383bdb99672e431,1050.0,bed_bath_table,21000.0
74a92612f70f4ae7bb26ead72c53b5d3,800.0,bed_bath_table,23625.0
03d10117bf5dbd1e4f194566be73de5a,2350.0,bed_bath_table,23625.0
1379437fdb5620cec92ee180f1f16ebd,3300.0,bed_bath_table,23625.0
c785fffd281ac9afffc38c8015455fd8,600.0,bed_bath_table,30000.0
39c2d21cf22d1de8f38bb81aabbf44cb,400.0,toys,23625.0
5c15e8f223a8bf0d7858c403ddc1b0ed,650.0,furniture_decor,23625.0
4413e2f854c2f02d80065a178decb9c2,2400.0,bed_bath_table,21000.0
7eedc4bfd32856b0c2b78657036d203e,16000.0,bed_bath_table,16875.0
9e95726c7b2d65513b9f33958026cd1b,300.0,furniture_decor,23625.0
f1f47f712d19a52644c70a297ee0e27c,100.0,furniture_decor,21000.0
6d3dc397c315b4afa15c2cedda354740,600.0,bed_bath_table,23625.0
6dee07beaa37c13fad2bc4389983f31d,1200.0,bed_bath_table,34200.0
a2a02ec5b66063b4c3ccdf10a53fc501,4350.0,bed_bath_table,23625.0
106392145fca363410d287a815be6de4,2083.0,bed_bath_table,168.0
b80fc6d567fe3d99eb5ce3fbe46f7010,10050.0,bed_bath_table,60000.0
2e9ebd07bf8a1740376abd8be93f6fb9,20600.0,bed_bath_table,16875.0
50a88b3bd7a9d8db2f1addc427b4446b,2450.0,bed_bath_table,23625.0
166afe76948e93ed13181b01febfeb25,4200.0,bed_bath_table,36040.0
0185e6719ca5c224fc53853997fa3f68,1600.0,bed_bath_table,21000.0
80a354492ba20a7ef994a4cad98e807d,350.0,bed_bath_table,8100.0
3cc8beafc2e30054e0af2e8439561303,1700.0,bed_bath_table,23625.0
58e7e9ff092e30b9c71ccf594c99433c,21750.0,home_confort,23625.0
3324aa942290884678b0b2af79d3250a,1300.0,bed_bath_table,1972.0
e6d528652daa9f45b90b855c0596bfbf,450.0,home_confort,23625.0
e7a6f33d382bca6fa19f52ff13e440bd,1500.0,bed_bath_table,23625.0
d63c1011f49d98b976c352955b1c4bea,950.0,health_beauty,17500.0
2083a6feb4bbb31f6abc92fc24e468c0,150.0,telephony,4275.0
ee0c1cf2fbeae95205b4aa506f1469f0,200.0,perfumery,3328.0
2b4609f8948be18874494203496bc318,250.0,health_beauty,3960.0
617186c3d97ea56c9c683a8a3974e8c1,550.0,perfumery,5040.0
7c1bd920dbdf22470b68bde975dd3ccf,200.0,health_beauty,3960.0
bbaef2eadf31fe3ea6702077398be06c,400.0,perfumery,2178.0
2028bf1b01cafb2d2b1901fca4083222,250.0,perfumery,3360.0
f731f8587d4088c174397e010cf892a9,375.0,perfumery,3927.0
db6677c6f890ba1730c0b75bd8132579,950.0,health_beauty,17500.0
22c5ddc22ea8cae84fc9917def682dc6,350.0,perfumery,5625.0
bf35317e81a1e1477a2256328bce9e9f,300.0,perfumery,3200.0
d39421ec4cc2bf52e35f8bf00f1ec314,1600.0,health_beauty,17500.0
154e7e31ebfa092203795c972e5804a6,100.0,health_beauty,4500.0
b1631003bdbc3b1e876f83a7d851d74a,350.0,perfumery,3960.0
4c2394abfbac7ff59ec7a420918562fa,600.0,health_beauty,8151.0
9e0e152552a1323f7e5dcf63d50cdae3,400.0,perfumery,2420.0
75d6b6963340c6063f7f4cfcccfe6a30,400.0,perfumery,3960.0
b1acb7e8152c90c9619897753a75c973,200.0,health_beauty,4500.0
dd61e943598eec72351633dd6a72d5dc,350.0,perfumery,4752.0
8844bd4b8ca8f93603694ca2bceb77e9,900.0,health_beauty,6732.0
d245838e3d0b2b51d751ccdc98885a8e,50.0,health_beauty,4500.0
340e3e28357bb29f7612c86c13d9729a,200.0,health_beauty,4500.0
1b43b0a6105ffaa6dae01356daec2657,1025.0,health_beauty,10800.0
d7e407589b859c99b1df9088674c20e3,7150.0,perfumery,42875.0
46e4940f28c9231a801873e62ca55c53,50.0,perfumery,6000.0
48428054567e07738a70f9d2a9fa0475,250.0,perfumery,5120.0
03566b85189259c49476f004ad2afd08,150.0,health_beauty,4500.0
cf45cea95e6b4d46e80fe098eda10c8f,350.0,perfumery,4752.0
fa642cf83fd321da8ff421fe2915ee75,250.0,health_beauty,2400.0
ec53d5cd09b1dd78aa48a7d076fc51b1,75.0,food,3744.0
89045cfdb97f8a26621954162a34462d,433.0,health_beauty,5304.0
ec1faa2edc27ce32372fee59d1f9e969,200.0,perfumery,2040.0
5a0c21ad6b82a1b61856e48ec959764d,100.0,perfumery,2340.0
9e8aaef7103f42e3834092cc00dbbb71,100.0,perfumery,21875.0
388a6943ef1d99b81f642a0137bfa5da,400.0,health_beauty,9000.0
cd7701670288642f7be9437dec9034c1,400.0,perfumery,4800.0
a04f52ded97b5530e8783e3c002b90f0,900.0,bed_bath_table,3168.0
42a2bd596fda1baef5719cb74f73030c,1300.0,bed_bath_table,3080.0
283dc451ad3918badb976d56ff887289,1650.0,bed_bath_table,3080.0
2fc7741cb6ea76e7164f448adc44652d,700.0,bed_bath_table,4732.0
f4d705aa95ccca448e5b0deb6e5290ba,250.0,bed_bath_table,600.0
372124d6931c4bc48dd0d56075ebee7c,50.0,bed_bath_table,600.0
476f613bc92f3a20cf80a586fa45a232,500.0,bed_bath_table,22000.0
bb42f37fc3d9130e4a4339d24a47dd7c,400.0,bed_bath_table,600.0
ff96895c6b1d31f34b2d82f86670fa85,2450.0,bed_bath_table,12250.0
aadff88486740e0b0ebe2be6c09476ae,250.0,health_beauty,1200.0
6cc44821f36f3156c782da72dd634e47,1050.0,bed_bath_table,14440.0
81b6c7c058add831803fcbba6dcc1df2,1400.0,bed_bath_table,7616.0
2b10e945dae5434075c8bb2be0d17325,2950.0,bed_bath_table,13984.0
eb53f94fdc60278efcef123bb275658a,3400.0,bed_bath_table,23322.0
372645c7439f9661fbbacfd129aa92ec,1500.0,bed_bath_table,7616.0
525947dbe3304ac32bf51602f9557c12,2600.0,bed_bath_table,7616.0
193cea27ec2ebc61c91cf7dd70420fad,4400.0,bed_bath_table,25155.0
1a2d00b771a438bee7055bbd0086e003,950.0,bed_bath_table,3168.0
7c4bc321009f51cefbb3877de6b98bae,3600.0,bed_bath_table,11808.0
0a4093a4af429dc0a9334300e5c13ae5,300.0,health_beauty,1200.0
e0cf79767c5b016251fe139915c59a26,250.0,health_beauty,1200.0
87d780fa7d2cf3710aa02dc4ca8db985,1350.0,bed_bath_table,3312.0
51ce083cd2b9078656a94655ab45b8a4,2450.0,bed_bath_table,11808.0
16c1c1a3dc1ddc2fd5e32ae7fe616b0b,2800.0,bed_bath_table,12384.0
120fa011365fc39efe382cba4e50999e,2050.0,bed_bath_table,8704.0
430f4c8e02bd4e1fe6330c38689b54f3,950.0,bed_bath_table,3168.0
cc7d8d232e6f5f27b70be81b68e27d6e,3200.0,bed_bath_table,10560.0
4025ee582ef6b8c478af3b44cf89054b,200.0,bed_bath_table,600.0
06ad93d66e91d09df5ce746906d9658b,3250.0,bed_bath_table,12600.0
e61c78a7343d82c0539d27df0f7dfc31,2700.0,bed_bath_table,11808.0
af0a917aec9cea3b353ece61a8825326,1200.0,bed_bath_table,3080.0
98b22c1129886cbd7fcae69d1c93e442,1350.0,bed_bath_table,3080.0
0ec09d10ef472b982d230612dbd5bd16,3250.0,bed_bath_table,12600.0
944a8fa6055b8213f9e715720d4e2d5c,1100.0,bed_bath_table,14440.0
419538c5c0c21d892928586bee1ea16a,2900.0,bed_bath_table,10710.0
429e7401fafb76436f15e86498bd7364,2500.0,bed_bath_table,11808.0
c3e275e10cfd7f3b56f7f657699cfafe,1250.0,bed_bath_table,14440.0
fb783e3e545937820b57fe539b2c5a6c,1100.0,bed_bath_table,11439.0
01a5038835acf17f141c7247956b72d6,1350.0,bed_bath_table,7616.0
aa36c2127048efdcd47f4ad5b6b68810,1600.0,bed_bath_table,4692.0
70b487a87fee25bc56455501bdc83501,3000.0,bed_bath_table,20160.0
111e2f43245b193147270aba6d558129,150.0,health_beauty,720.0
37c1807e0414c64365b34aac29e0d186,900.0,bed_bath_table,7616.0
a4fa3b8fa5953b0bd18bf4e0b4de499d,1350.0,bed_bath_table,3312.0
0a9a9c25c5a06532d1766e00db833a7f,100.0,health_beauty,720.0
8a443635fdf9759915c9be5be2e3b862,1400.0,bed_bath_table,3312.0
607ef4aa416b93fdeb2a811c2c73ad81,1650.0,bed_bath_table,4692.0
72f50924c42f32d9a236b7602686a49f,3450.0,bed_bath_table,12600.0
6abd84909e8ed79ef808c16f90b91093,250.0,health_beauty,1200.0
fc1d8637c0268af3db482c14b7ef8e75,1700.0,bed_bath_table,7616.0
704ef63ad0ac345842ea734060a83db2,850.0,bed_bath_table,14440.0
168b1b45c68037b0490157ee10540349,3150.0,bed_bath_table,23322.0
bf7db234b1df51fc5383311019d63fae,1600.0,bed_bath_table,7616.0
cf8316c961640d38321241895b7811c2,1800.0,bed_bath_table,4692.0
9ddd762ee8a13576a809dc66f22aa2b5,2600.0,bed_bath_table,11808.0
081d21aa3dc9b583104a15fc4dfd1160,2150.0,bed_bath_table,10395.0
0fa81e7123fd0ebe03adbbe99d912827,1350.0,bed_bath_table,3312.0
73ae8d8ca7df19a982c92fc1265d9e46,1150.0,bed_bath_table,7616.0
ddb9028236525b8ab493fc24f99e8d1a,1800.0,bed_bath_table,7616.0
4293865e4ead3d446609086b4cfedb4f,1650.0,bed_bath_table,4692.0
9a0620ddaf3055b7e588e936e036a529,1600.0,bed_bath_table,7616.0
9077a120c5f0a94bf904d737b07e116f,4600.0,bed_bath_table,25155.0
b48ac8fbef9f889656ccef21bd7ca87b,2800.0,bed_bath_table,10710.0
45852eb1811c96c22787d9a3cb3875dc,1100.0,bed_bath_table,11025.0
07a949f27854f64558f8babcfec441cc,2800.0,bed_bath_table,32000.0
5570e58fb62fc2a83e5bda3974e35be5,1050.0,bed_bath_table,14440.0
3f4a7c8646dfebf0d04ed19adab8e9cb,1950.0,bed_bath_table,10360.0
7fd5ed44c2c119be619555591475b233,1100.0,bed_bath_table,25760.0
c211ff3068fcd2f8898192976d8b3a32,200.0,bed_bath_table,600.0
af9418dfcdd7f19b51906a2f32cd6bc0,2150.0,bed_bath_table,10098.0
d73a7e3009d1b8f498a0ffd3e8ae6565,700.0,bed_bath_table,22000.0
8782f61059db25b333638e5ed8cc9e65,2250.0,bed_bath_table,12250.0
bb48c8fda6bcf73c9a0178fd1a1a366d,400.0,bed_bath_table,600.0
54bb3470c28291c7252832f0437ca469,500.0,bed_bath_table,22000.0
37246960437c4a40a03c40f0ea2e957c,1800.0,bed_bath_table,14440.0
ca169d8dceee80e88508bc636a2aac96,1900.0,bed_bath_table,11515.0
03bb06cda40712fb8473f7962fb7d198,2000.0,bed_bath_table,10098.0
1b363f393faf61f11af873b840645eb9,1050.0,bed_bath_table,14440.0
fe281ff6eb3a52425dca9c76f4b505c0,2150.0,bed_bath_table,13690.0
fec565c4e3ad965c73fb1a21bb809257,1400.0,bed_bath_table,7616.0
39af958c865cffb372490d50c207d776,2850.0,bed_bath_table,20160.0
a12fc4a1c79238df0015e1a0c48f0314,1500.0,bed_bath_table,4692.0
b8fefc9c1f951969968e904d08bfa8cd,800.0,bed_bath_table,3168.0
7d9f42ecf65ca91f7e28483c5008dc4b,1600.0,bed_bath_table,7616.0
3cc4b421c1f28dd22e86fc4aaafb600e,1100.0,bed_bath_table,3080.0
31c1d1dfbb4b2730140b8bd9248bcd58,200.0,bed_bath_table,600.0
ba92b5a0701d2f820ba6ca8f8c86294f,3400.0,bed_bath_table,22724.0
064f1ab0fbfe1fffb87fbf1acb5d4af7,1800.0,bed_bath_table,4692.0
1b73aaabcddf5be28fba09916e1ed907,500.0,bed_bath_table,600.0
e09b8cac0ce917d36559ef40c1d17a37,2900.0,bed_bath_table,10710.0
1eaf224c19e07b6e50bf0119eea1dd26,1350.0,bed_bath_table,16416.0
9b1430fd2db68dd26abc986921680143,350.0,bed_bath_table,600.0
c5fff00bf5f821911d676badbb286675,1550.0,bed_bath_table,11340.0
b8355aca8662d7e0c913ed67412d8ecc,750.0,bed_bath_table,22000.0
1cdfaf0cc5abd6063d3a10ae3318f345,2350.0,bed_bath_table,9009.0
85b2e22dc10456c8ce7b81f78ba8624b,2700.0,bed_bath_table,10710.0
14081f2d6a3ce46cfa9d852c9b1b92ba,1800.0,bed_bath_table,7616.0
9e572ff4654f7064419d97a891a8b0fc,1900.0,bed_bath_table,11515.0
cf28a2b7bc92809a0574cf07772c88c4,250.0,bed_bath_table,600.0
db1e6fed56643b852af3132d255d9ddc,4050.0,bed_bath_table,18240.0
8d944f9367ba7f153e0ab5b6dc7d063b,1500.0,bed_bath_table,13690.0
39a1a3b9314738724fce4b2907ae6686,1550.0,bed_bath_table,7616.0
a1efe4a86746c22541813e22e1d23e33,1950.0,bed_bath_table,10098.0
7506f10f7460992e59f979011541e00e,6100.0,bed_bath_table,29563.0
d6c90261eb664ba97949a548e55d6c34,4100.0,bed_bath_table,18240.0
4ceab0364ce2bef8363b89f4719bbff7,2100.0,bed_bath_table,57240.0
9cb3c4a5a0a1c8536b2651af5f73e403,700.0,bed_bath_table,600.0
b570f2a8228eeaa87e224f25264576b5,800.0,bed_bath_table,600.0
7488482ecdc1096af0d1f23338dbdb4d,650.0,bed_bath_table,600.0
d16a80644f464c2525a662b0567c281f,350.0,bed_bath_table,600.0
3321ad579f19476d0d668f726f8dffec,2650.0,bed_bath_table,13984.0
564f6ff7ae760d6eda6d32c551724036,2500.0,bed_bath_table,9009.0
955ef07f4e61b2033c9d6af6a6b61783,1700.0,bed_bath_table,10098.0
430315bedd89f81ceec11ba8cc51ebe1,800.0,bed_bath_table,14440.0
1c19fc5db55cbd645b6021cd2841bdb4,1200.0,bed_bath_table,3080.0
ede062bcd13ef64b5cc87369e4edaf62,250.0,health_beauty,1200.0
05dd4bacd8cd34a33815b90b38176a69,2100.0,bed_bath_table,10098.0
f5c3f6159135311269c45b2b88f67464,2350.0,bed_bath_table,8547.0
44eceb92060ff42ba1b3716acd052645,1350.0,bed_bath_table,7616.0
57d87687241f1aeb1a202f93ceccb0f3,1150.0,bed_bath_table,14440.0
dac2266808127da6f3226f7502ac00b3,3500.0,bed_bath_table,12600.0
5a1a5bb0e9e3dbd18e6d8d3c326d3fed,850.0,bed_bath_table,14440.0
4e299043dd819cc6f103f77b4bcf11eb,4000.0,bed_bath_table,26460.0
a038fb43df28bc37115e29e63d9809b7,1050.0,bed_bath_table,14440.0
bd1aace4fad5609f005fd721b45dcec4,2150.0,bed_bath_table,8704.0
51c6445e30f155ba9dcbca79b13edf36,2250.0,bed_bath_table,8704.0
fad534edb8f35664713c4b766fa473d4,400.0,bed_bath_table,600.0
9f0599e0b0d3f41749a3288e0043f21e,3500.0,bed_bath_table,12600.0
821a07e1e2a0382df1f3761ae3cd435c,1550.0,bed_bath_table,4692.0
b141c668aca84c5877a5c66bd94fedc8,200.0,health_beauty,1200.0
58151ad2f10829fca9c53a2a0dfb5535,950.0,bed_bath_table,14440.0
de5bf668dfa4391ee96a5fd5c9fa4f06,2700.0,bed_bath_table,13600.0
3ea30fb7b4c6d17f44c1594a713c224c,1100.0,bed_bath_table,7616.0
bfc121a2f5d97868f3a02ae6c5b5f5a2,1850.0,bed_bath_table,11515.0
e379ed3f57a2c6e994258ffda975ce15,2600.0,bed_bath_table,9009.0
153409f359e71cf10b3935f68a69875d,850.0,bed_bath_table,23088.0
c58cd8096523799b3ac1be7952c92b76,1150.0,bed_bath_table,7616.0
9565229244e9341fb8c8069879cf73cd,1700.0,bed_bath_table,7616.0
b6bdb28b376292b83135644ff8d4d6a2,2200.0,bed_bath_table,7616.0
c0d133f59b1b9482e5b66b398ea60a69,1900.0,bed_bath_table,8704.0
e71979722971f0e661a45658746f8af7,950.0,bed_bath_table,7616.0
6464a70bdd9b0f0dd41a7ceee51c9c7e,1700.0,bed_bath_table,11340.0
3aec7cc616c8c08edba18d7d2f50e43f,2700.0,bed_bath_table,9009.0
b91a91c07533369ef426985f93170068,2900.0,bed_bath_table,13984.0
f2f411f86bd5bd427e28e2a30771761f,1150.0,bed_bath_table,3080.0
ebc76392dcafcf451f626382c71680cf,3250.0,bed_bath_table,10560.0
fad4749b2c2fd437cc92e2fa0b6e5d45,1200.0,bed_bath_table,25760.0
64e054669023deb2bfa82f61a2829404,1550.0,bed_bath_table,14440.0
eeae7f73dc4d5690cd92f81ec2abd064,50.0,health_beauty,720.0
c007861a802946f6b56220f281da6d38,3600.0,bed_bath_table,24960.0
f6e4d73b54219f7078a6a6cf139d87cd,2100.0,bed_bath_table,57240.0
e52df1e744f358d08c58c2371609d616,1600.0,bed_bath_table,9800.0
3dcb77af8b9587985d046b195e105475,3400.0,bed_bath_table,12600.0
70cd303f8e2dc6c00f5908aa72acdea6,4000.0,bed_bath_table,18240.0
c1682e15732b5ae93506aac9133944e1,3300.0,bed_bath_table,20160.0
1bb0f142789375f5709d08b2f2355c2b,4050.0,bed_bath_table,18240.0
65baa03ed325a23536e96fd66b3244c8,2400.0,bed_bath_table,8547.0
811809cbfd4d37f3fa4b2849bc288167,3800.0,bed_bath_table,38976.0
7b3b38b62de0edfa802192d5c18d5489,1300.0,bed_bath_table,3312.0
56d7faef0f7d847eea91b3302698bcc4,2600.0,bed_bath_table,13984.0
16c47be00ea2407eaa988afdc442e863,3200.0,bed_bath_table,19200.0
14e3a1344aba7a9d568e0aa446da24be,4100.0,bed_bath_table,17544.0
715a15449266fede35b4a667372a2b11,4900.0,bed_bath_table,24300.0
3976b9f62045be05e8bbd11c4fc19360,6100.0,bed_bath_table,24300.0
73f835584b88d706c12bb3e9298a733c,1500.0,bed_bath_table,12950.0
efaeb3361423a3cb388b7bf8741ca075,1800.0,bed_bath_table,10290.0
e1d6e56531bd9c3dfad4f905f81072c7,1400.0,bed_bath_table,3312.0
5c2696e18040dd69ca61f8f7c4207114,2450.0,bed_bath_table,12250.0
151d7733b44e0c7b292d7e2efb5424a2,3950.0,bed_bath_table,19200.0
cf3ac799e2dc1bfbd6c97ea023171f9d,4700.0,bed_bath_table,24300.0
e40cc7dc28dcdb3c15e8d03141f7b336,3750.0,bed_bath_table,24960.0
09df4169c3678074ca16ab1941cfd1dc,1400.0,bed_bath_table,3080.0
58fd8873cf12a178215b4339d2b34ec5,4900.0,bed_bath_table,21168.0
97122ffa6827f94f62ce56f48e848ae7,3150.0,bed_bath_table,10560.0
0daacc5e5ecc8beeaccc9e5b96c30f70,600.0,furniture_decor,17408.0
950ea5e8d99762513bc4841fee9e7225,500.0,bed_bath_table,2023.0
10c4eaf55e7f131da4a031ab54b62274,3950.0,bed_bath_table,18240.0
a787d9cee40e9de33b13d740c32359e8,2500.0,bed_bath_table,12250.0
ed61f9d2b8837c3aeebb563b7305ef78,3500.0,bed_bath_table,19200.0
64769a595cce4c13428fbbd069fb285e,1000.0,bed_bath_table,4500.0
2511e504fd7794c668a8521aabe3713d,2650.0,bed_bath_table,9009.0
b1e189f4b3dc3352ba24db1688e06d4b,1100.0,bed_bath_table,7616.0
9f4a55260fae788c26fcbb2b934ffa52,1400.0,bed_bath_table,3312.0
266cb817d01b77ace5dc383d8cfd0540,4200.0,bed_bath_table,12600.0
a99b48b5e48dad4129ce5bb0cd079153,2550.0,bed_bath_table,10395.0
724692d1ae89a580525678a07f6af0f3,1700.0,bed_bath_table,4692.0
9707e3409376d631f1044f987d63bdc7,450.0,bed_bath_table,7360.0
4f56687034ae954bc6d4e464041b22e1,2150.0,bed_bath_table,8704.0
b658e76d7f0fddb37f87ac02a5fa2554,1500.0,bed_bath_table,14440.0
9ecfbbfd26a92d596e5f4f7dfead98e3,2550.0,bed_bath_table,12000.0
68ea0193be80f4865155be5c96c58f43,2700.0,bed_bath_table,9009.0
c8fade3c4ba064e104828c4ad4461178,3850.0,bed_bath_table,18240.0
29ee9b71de5e569cdb8256ae5c854fd4,950.0,bed_bath_table,2560.0
ddfadaea6a7a133ae1254ef6221fb4a3,3500.0,bed_bath_table,24960.0
c81fba3eddbbb1ea8c6300e880673021,2200.0,bed_bath_table,12250.0
548e5bfe28edceab6b51fa707cc9556f,1200.0,bed_bath_table,3080.0
f86faff2fff9d021e363dc81bfd16930,900.0,cool_stuff,6250.0
e22a9f25f31fca1777a128c2655bbdda,3450.0,bed_bath_table,20160.0
92d16b48c50da1af3a50c6e73eb5d23f,1300.0,bed_bath_table,3312.0
0e0b3c0d93556bb5357924c59cad48c9,3900.0,bed_bath_table,12600.0
79351053555d5b98a09738e68f891f1a,3050.0,bed_bath_table,23322.0
4bec65b5ca713b764fe4cd47d9b5368c,900.0,bed_bath_table,25760.0
4b6c44983d57ae2a934d661aca96d267,1150.0,bed_bath_table,14440.0
d25939c0074d27039e0e544878f12372,2290.0,bed_bath_table,10098.0
5970123d35d881c0df478289d6e2c8e9,900.0,cool_stuff,6250.0
f1202530b474dade246e7fe77cdda463,1700.0,bed_bath_table,11560.0
b1642ee7c8c39a5516b207935b1fe108,4800.0,bed_bath_table,25155.0
d3d4e7e463c2dfee7980633905a71cdd,300.0,bed_bath_table,2028.0
a32c3352c3c5fbaa5fc5f8a8f593e2af,2150.0,bed_bath_table,10395.0
a25142a39f693df490ab9f63f3149e8f,1000.0,bed_bath_table,12950.0
2d2cdc4b136fabbf2f932bf1d1f3a891,2600.0,bed_bath_table,10395.0
2a33c8929309d51853186bd18ff3e3f2,4300.0,bed_bath_table,17544.0
de35b12d754d29dc6d48ae30cfe1c23f,2200.0,bed_bath_table,12384.0
4090bc3e9345799969d07e5d46ea8f31,1500.0,bed_bath_table,14440.0
fd8427a5b8ddccc638a8861eed9aef64,1350.0,bed_bath_table,11025.0
d45677ec0d65c4faa31698316a6be391,1750.0,bed_bath_table,14440.0
35537536ed2b4c561b4018bf3abf54e0,2100.0,sports_leisure,4536.0
059344baebbeaa42fa9f2bbe11b1583e,1400.0,construction_tools_lights,13680.0
2948658cb6abc82847412be7201bfc4c,3500.0,health_beauty,18900.0
f71a7c95a86564873cd996896b2976f6,900.0,computers_accessories,9744.0
aca2eb7d00ea1a7b8ebd4e68314663af,2600.0,furniture_decor,15000.0
216bb0e0cd43ffd832e0973d35e0377e,200.0,construction_tools_lights,4096.0
8e7a3ee016b12c87b5e3e7e717620758,850.0,industry_commerce_and_business,36000.0
583f158587cdecda3e8bdea694021e39,800.0,sports_leisure,8736.0
54d9ac713e253fa1fae9c8003b011c2a,1867.0,cool_stuff,7776.0
259bd66612b61aa4e82ce3cde9272bbc,250.0,housewares,704.0
c6bf4cdc2fc9ca1189d18f026d95af07,5250.0,housewares,32643.0
4b5e26931a0b0d3a690a3f520329a975,9450.0,sports_leisure,28050.0
7c55ea4aea1acf1ce11440010f5aa298,9900.0,housewares,60000.0
6c8b2975a4a05d1f36948b20753b29ca,1500.0,garden_tools,15750.0
94475071013412139f862c0bd7e3bb37,317.0,stationery,6776.0
7eb96ea641252f20b26fd6878d009a1d,350.0,housewares,2457.0
928e52a9ad53a294fdcc91bcf59d1751,1600.0,housewares,24000.0
26e253f334cf93847fcbf6e9faf51eb4,6650.0,sports_leisure,51894.0
bb706a70fa03c46aa8d5f4a15505ce1a,650.0,office_furniture,3600.0
bdb4be6ce2f7f2b5be0a16088028c7fc,3100.0,housewares,32760.0
537f8133bb109ca8ae9c6f48370af9ec,600.0,auto,8000.0
3bebad3cf2c8d1a8d3ce97174643e054,500.0,agro_industry_and_commerce,2057.0
c20a3f598c16d77249da67e81caa8317,575.0,housewares,3456.0
6147f365b989950e8622a89e573d913e,1150.0,musical_instruments,5733.0
8b8702416a4fecb685fc70b056cac372,200.0,health_beauty,3042.0
4724ffa427f315c485e39b02e21859b2,550.0,health_beauty,1584.0
1fb5f3130b9f5c67e7dc57e0f5df6e6d,1850.0,musical_instruments,9504.0
62177bb58dda374cc02e6cd2616996a1,850.0,industry_commerce_and_business,54000.0
a5bbc554f75cf4afa2cd56791015ec27,800.0,musical_instruments,15000.0
fb6782985a98aa8a59238f58239f6f1e,2500.0,computers_accessories,20000.0
47e175ac0195aa4774597a07c912415e,850.0,stationery,5040.0
801f748b352e480bd143bcbb6fe86cbb,300.0,health_beauty,1584.0
0dadef6ed70b861b14eddb3a3ca6b73e,300.0,construction_tools_construction,4096.0
4651cbf18222b853f46619003d9861f3,400.0,construction_tools_construction,2299.0
65ae1951caecbb80c7d5e2e662ddb0dc,2700.0,housewares,9375.0
37f4d0bf85fbf875c920d460766d6a5c,500.0,construction_tools_lights,11270.0
4fd6ec612afa6f67b850b157f00a3368,598.0,garden_tools,43320.0
7bc37d0450ed1fb9e76f9c0305838c7c,1300.0,sports_leisure,9180.0
a668879a637b097eb47536fdb31d3ce1,800.0,industry_commerce_and_business,36000.0
6ed6fb2418af24e9d020b1c4fd7028fd,217.0,housewares,2652.0
551ae6a7d21ef0eea7b844dac0cc9de8,3700.0,cool_stuff,25542.0
5a0146a47009000363e3ceeade37c54b,1550.0,stationery,5184.0
d19c5ff1a4d4e8b0558536d57cf43cf7,4700.0,costruction_tools_tools,21875.0
3a97c39e9f9403887cba9e4fe7bd789f,850.0,industry_commerce_and_business,36000.0
cce7f750a7a055d0309a6d0046498b7a,700.0,garden_tools,1862.0
e729528d0513c6dfec158a515a47187b,5850.0,sports_leisure,36000.0
20ab1de6964467372e314a0e84d6719b,1900.0,stationery,12000.0
d5de9e83335830f4597d314e63845eb3,11600.0,garden_tools,26312.0
995e25d9b46dee183004994645768d95,500.0,sports_leisure,4800.0
865cf360a28190ff9c1cf3ee412c55ba,250.0,housewares,2880.0
aeb383f37bb53452cce26e3da03a6d80,650.0,sports_leisure,4096.0
39a4610d926a93fee7cfa54319ac3515,1600.0,garden_tools,7920.0
978d5e0e71961b77d26485b13155f16f,2550.0,musical_instruments,7803.0
31a89a7044c5b133cf646404a4e86022,2200.0,housewares,33750.0
bd9d35f2bce5b870f79e5d7112a01953,1700.0,health_beauty,12960.0
58816ce2ec224ea03aff8abe045f8407,1050.0,food,7245.0
0f4a3e29a1c122f94fe4c48c49d9cfa9,6850.0,sports_leisure,51894.0
00878d953636afec00d3e85d55a12e7f,2550.0,health_beauty,39900.0
5dce4ec7e7079a63b3086781d26c2cd8,400.0,garden_tools,1375.0
9703986ab6085218deac513b71fe9b5c,400.0,auto,3328.0
4c3063dd985fb11ee11451d3bf7a99b0,1800.0,health_beauty,5940.0
01847cb3f55acfd629641e58e38e561e,800.0,garden_tools,2040.0
2814b5e91ca5da1c238fc3ddf9616832,350.0,health_beauty,2240.0
8ebb3f77fca7f2ec3283f8850ac55a15,750.0,sports_leisure,9568.0
59b47581b7ba51a62bf9c3dd4fef36fd,1650.0,furniture_decor,16000.0
2dac6cadfa47913e528969d43723697b,850.0,garden_tools,4032.0
8458f51c49c1af4c4b388dab8810215f,1050.0,sports_leisure,10621.0
629397d35e30e4a0b7d3da8bf69be7ca,1900.0,garden_tools,7920.0
783caabd539c4079ec08423e30719fba,500.0,construction_tools_lights,11270.0
af2f3030914ae3eaf70ebc74ecdb8c1c,825.0,sports_leisure,9000.0
457ca2b0e3bf044a65c8bee434d5c5f8,750.0,garden_tools,1862.0
9ccf11289147e5277b022439b4ea1f20,600.0,auto,8000.0
bf5d132b4d30a18970b8ee7798725af1,10800.0,kitchen_dining_laundry_garden_furniture,79625.0
7ccb753a501e816bd678657918276574,3450.0,kitchen_dining_laundry_garden_furniture,43750.0
89005f5c60b53829a9a617fe5e292221,700.0,auto,24000.0
588ea3decc0d8e1d19ce6160c5b0da1b,1350.0,housewares,13932.0
97f1396a5a1f7c07ba51784efdec44b8,1400.0,housewares,13932.0
e1bb819e98ca4d6153c28872921f171e,450.0,auto,4500.0
ea74c867ca62f47d2c6bb8f14bdd34df,1450.0,housewares,26400.0
7b0837837bc77c47aff31afc04286281,10700.0,garden_tools,37720.0
538948f39142c635d3132846c820e211,500.0,art,2240.0
4b38bdd9c0c4bbf9f7f1408b06ec1816,600.0,telephony,3360.0
53da2e917302c9e5e834b9968ea829a7,500.0,auto,3744.0
4c6aedb2bfbcb47f59db757dfc22c607,700.0,art,1900.0
3cb11cc74ce2cf42fd23d867c18a7745,2250.0,toys,23100.0
856b55eef75569bf5ec655e857bf84f7,550.0,health_beauty,4466.0
bff2010b28e8fbcff5a9db9d3fea5ac4,850.0,garden_tools,36000.0
4ae289635418a8110ea2d5fb86472c63,1950.0,housewares,12180.0
c1b94ad68c3ff2b989d6df457a0d657a,1650.0,housewares,21780.0
b37a8cda46313ac91d79f16601ca5253,600.0,garden_tools,2184.0
fcc22617447eefe483e5e60d6bdf7b22,1000.0,office_furniture,3600.0
aeecb1d0e5d4d5ccc3fcfe6fe91103b6,2100.0,fixed_telephony,18000.0
5ea060e5498eaeee39d5dc4b4525b7ac,450.0,stationery,6400.0
3e0bc37e01b5c85e125dbaef7cc3f0ad,3150.0,small_appliances,23310.0
b564734ddca77a1cf8aea20acd9cd9b5,1500.0,housewares,5100.0
718194d9c10c770347b81e6dedb5cc61,1350.0,musical_instruments,8228.0
92d9f09c92944e22b74a09f5480be83d,2700.0,sports_leisure,13230.0
cbaff83e2c00a2b731d27276bbf52082,7900.0,art,73500.0
2a34e0af5f72ca6cdeb148377a247c86,29700.0,office_furniture,170560.0
be7e1eebdec8d6a9842ebf1c2c2c3dac,1300.0,auto,43200.0
b1155d555059310e04305e94fcd42746,900.0,industry_commerce_and_business,36000.0
3f04f0bdf227b179581f43ce42bed25a,900.0,sports_leisure,13500.0
162c1a60e671a6632c2a03243557d549,1800.0,sports_leisure,17424.0
